name,type,w,h
csr_regfile_i,StdCell,415.913,706.457
i_frontend,StdCell,324.119,1253.2
i_perf_counters,StdCell,415.913,137.251
(root)_glue_logic,StdCell,609.314,86.0507
ex_stage_i/i_mult,StdCell,879.391,273.771
(ex_stage_i)_glue_logic,StdCell,415.913,98.0702
i_cache_subsystem/i_icache/sram_block_0__data_sram,StdCell,0.001,0.001
i_cache_subsystem/i_icache/sram_block_1__data_sram,StdCell,0.001,0.001
i_cache_subsystem/i_icache/sram_block_2__data_sram,StdCell,0.001,0.001
i_cache_subsystem/i_icache/sram_block_3__data_sram,StdCell,0.001,0.001
issue_stage_i/i_issue_read_operands,StdCell,291.11,662.818
issue_stage_i/i_scoreboard,StdCell,309.068,1027.83
(issue_stage_i)_glue_logic,StdCell,0.001,0.001
i_cache_subsystem/i_icache/sram_block_0__data_sram/genblk1_0__i_ram/macro_mem_0,Macro,97.71,60.6
i_cache_subsystem/i_icache/sram_block_0__data_sram/genblk1_0__i_ram/macro_mem_1,Macro,97.71,60.6
i_cache_subsystem/i_icache/sram_block_0__data_sram/genblk1_0__i_ram/macro_mem_2,Macro,97.71,60.6
i_cache_subsystem/i_icache/sram_block_0__data_sram/genblk1_0__i_ram/macro_mem_3,Macro,97.71,60.6
i_cache_subsystem/i_icache/sram_block_0__data_sram/genblk1_1__i_ram/macro_mem_0,Macro,97.71,60.6
i_cache_subsystem/i_icache/sram_block_0__data_sram/genblk1_1__i_ram/macro_mem_1,Macro,97.71,60.6
i_cache_subsystem/i_icache/sram_block_0__data_sram/genblk1_1__i_ram/macro_mem_2,Macro,97.71,60.6
i_cache_subsystem/i_icache/sram_block_0__data_sram/genblk1_1__i_ram/macro_mem_3,Macro,97.71,60.6
i_cache_subsystem/i_icache/sram_block_1__data_sram/genblk1_0__i_ram/macro_mem_0,Macro,97.71,60.6
i_cache_subsystem/i_icache/sram_block_1__data_sram/genblk1_0__i_ram/macro_mem_1,Macro,97.71,60.6
i_cache_subsystem/i_icache/sram_block_1__data_sram/genblk1_0__i_ram/macro_mem_2,Macro,97.71,60.6
i_cache_subsystem/i_icache/sram_block_1__data_sram/genblk1_0__i_ram/macro_mem_3,Macro,97.71,60.6
i_cache_subsystem/i_icache/sram_block_1__data_sram/genblk1_1__i_ram/macro_mem_0,Macro,97.71,60.6
i_cache_subsystem/i_icache/sram_block_1__data_sram/genblk1_1__i_ram/macro_mem_1,Macro,97.71,60.6
i_cache_subsystem/i_icache/sram_block_1__data_sram/genblk1_1__i_ram/macro_mem_2,Macro,97.71,60.6
i_cache_subsystem/i_icache/sram_block_1__data_sram/genblk1_1__i_ram/macro_mem_3,Macro,97.71,60.6
i_cache_subsystem/i_icache/sram_block_2__data_sram/genblk1_0__i_ram/macro_mem_0,Macro,97.71,60.6
i_cache_subsystem/i_icache/sram_block_2__data_sram/genblk1_0__i_ram/macro_mem_1,Macro,97.71,60.6
i_cache_subsystem/i_icache/sram_block_2__data_sram/genblk1_0__i_ram/macro_mem_2,Macro,97.71,60.6
i_cache_subsystem/i_icache/sram_block_2__data_sram/genblk1_0__i_ram/macro_mem_3,Macro,97.71,60.6
i_cache_subsystem/i_icache/sram_block_2__data_sram/genblk1_1__i_ram/macro_mem_0,Macro,97.71,60.6
i_cache_subsystem/i_icache/sram_block_2__data_sram/genblk1_1__i_ram/macro_mem_1,Macro,97.71,60.6
i_cache_subsystem/i_icache/sram_block_2__data_sram/genblk1_1__i_ram/macro_mem_2,Macro,97.71,60.6
i_cache_subsystem/i_icache/sram_block_2__data_sram/genblk1_1__i_ram/macro_mem_3,Macro,97.71,60.6
i_cache_subsystem/i_icache/sram_block_3__data_sram/genblk1_0__i_ram/macro_mem_0,Macro,97.71,60.6
i_cache_subsystem/i_icache/sram_block_3__data_sram/genblk1_0__i_ram/macro_mem_1,Macro,97.71,60.6
i_cache_subsystem/i_icache/sram_block_3__data_sram/genblk1_0__i_ram/macro_mem_2,Macro,97.71,60.6
i_cache_subsystem/i_icache/sram_block_3__data_sram/genblk1_0__i_ram/macro_mem_3,Macro,97.71,60.6
i_cache_subsystem/i_icache/sram_block_3__data_sram/genblk1_1__i_ram/macro_mem_0,Macro,97.71,60.6
i_cache_subsystem/i_icache/sram_block_3__data_sram/genblk1_1__i_ram/macro_mem_1,Macro,97.71,60.6
i_cache_subsystem/i_icache/sram_block_3__data_sram/genblk1_1__i_ram/macro_mem_2,Macro,97.71,60.6
i_cache_subsystem/i_icache/sram_block_3__data_sram/genblk1_1__i_ram/macro_mem_3,Macro,97.71,60.6
i_cache_subsystem/i_icache/sram_block_0__tag_sram.genblk1_0__i_ram.macro_mem_0||i_cache_subsystem/i_icache/sram_block_0__tag_sram.genblk1_0__i_ram.macro_mem_1||i_cache_subsystem/i_icache/sram_block_1__tag_sram.genblk1_0__i_ram.macro_mem_0||i_cache_subsystem/i_icache/sram_block_1__tag_sram.genblk1_0__i_ram.macro_mem_1||i_cache_subsystem/i_icache/sram_block_3__tag_sram.genblk1_0__i_ram.macro_mem_0||i_cache_subsystem/i_icache/sram_block_3__tag_sram.genblk1_0__i_ram.macro_mem_1,Macro,195.42,181.8
i_cache_subsystem/i_icache/sram_block_0__tag_sram.genblk1_0__i_ram.macro_mem_2,Macro,97.71,60.6
i_cache_subsystem/i_icache/sram_block_1__tag_sram.genblk1_0__i_ram.macro_mem_2,Macro,97.71,60.6
i_cache_subsystem/i_icache/sram_block_2__tag_sram.genblk1_0__i_ram.macro_mem_0,Macro,97.71,60.6
i_cache_subsystem/i_icache/sram_block_2__tag_sram.genblk1_0__i_ram.macro_mem_1,Macro,97.71,60.6
i_cache_subsystem/i_icache/sram_block_2__tag_sram.genblk1_0__i_ram.macro_mem_2,Macro,97.71,60.6
i_cache_subsystem/i_icache/sram_block_3__tag_sram.genblk1_0__i_ram.macro_mem_2,Macro,97.71,60.6
(i_cache_subsystem/i_icache)_glue_logic,StdCell,879.391,72.7998
ex_stage_i/lsu_i,StdCell,554.799,880.554
(i_cache_subsystem)_glue_logic,StdCell,66.7812,880.554
i_cache_subsystem/i_nbdcache/i_miss_handler,StdCell,518.045,880.554
i_cache_subsystem/i_nbdcache/sram_block_0__data_sram,StdCell,0.001,0.001
i_cache_subsystem/i_nbdcache/sram_block_1__data_sram,StdCell,0.001,0.001
i_cache_subsystem/i_nbdcache/sram_block_2__data_sram,StdCell,0.001,0.001
i_cache_subsystem/i_nbdcache/sram_block_3__data_sram,StdCell,0.001,0.001
i_cache_subsystem/i_nbdcache/sram_block_4__data_sram,StdCell,0.001,0.001
i_cache_subsystem/i_nbdcache/sram_block_5__data_sram,StdCell,0.001,0.001
i_cache_subsystem/i_nbdcache/sram_block_6__data_sram,StdCell,0.001,0.001
i_cache_subsystem/i_nbdcache/sram_block_7__data_sram,StdCell,0.001,0.001
i_cache_subsystem/i_nbdcache/valid_dirty_sram,StdCell,0.001,0.001
i_cache_subsystem/i_nbdcache/sram_block_0__data_sram/genblk1_0__i_ram/macro_mem_0,Macro,97.71,60.6
i_cache_subsystem/i_nbdcache/sram_block_0__data_sram/genblk1_0__i_ram/macro_mem_1,Macro,97.71,60.6
i_cache_subsystem/i_nbdcache/sram_block_0__data_sram/genblk1_0__i_ram/macro_mem_2,Macro,97.71,60.6
i_cache_subsystem/i_nbdcache/sram_block_0__data_sram/genblk1_0__i_ram/macro_mem_3,Macro,97.71,60.6
i_cache_subsystem/i_nbdcache/sram_block_0__data_sram/genblk1_1__i_ram/macro_mem_0,Macro,97.71,60.6
i_cache_subsystem/i_nbdcache/sram_block_0__data_sram/genblk1_1__i_ram/macro_mem_1,Macro,97.71,60.6
i_cache_subsystem/i_nbdcache/sram_block_0__data_sram/genblk1_1__i_ram/macro_mem_2,Macro,97.71,60.6
i_cache_subsystem/i_nbdcache/sram_block_0__data_sram/genblk1_1__i_ram/macro_mem_3,Macro,97.71,60.6
i_cache_subsystem/i_nbdcache/sram_block_1__data_sram/genblk1_0__i_ram/macro_mem_0,Macro,97.71,60.6
i_cache_subsystem/i_nbdcache/sram_block_1__data_sram/genblk1_0__i_ram/macro_mem_1,Macro,97.71,60.6
i_cache_subsystem/i_nbdcache/sram_block_1__data_sram/genblk1_0__i_ram/macro_mem_2,Macro,97.71,60.6
i_cache_subsystem/i_nbdcache/sram_block_1__data_sram/genblk1_0__i_ram/macro_mem_3,Macro,97.71,60.6
i_cache_subsystem/i_nbdcache/sram_block_1__data_sram/genblk1_1__i_ram/macro_mem_0,Macro,97.71,60.6
i_cache_subsystem/i_nbdcache/sram_block_1__data_sram/genblk1_1__i_ram/macro_mem_1,Macro,97.71,60.6
i_cache_subsystem/i_nbdcache/sram_block_1__data_sram/genblk1_1__i_ram/macro_mem_2,Macro,97.71,60.6
i_cache_subsystem/i_nbdcache/sram_block_1__data_sram/genblk1_1__i_ram/macro_mem_3,Macro,97.71,60.6
i_cache_subsystem/i_nbdcache/sram_block_2__data_sram/genblk1_0__i_ram/macro_mem_0,Macro,97.71,60.6
i_cache_subsystem/i_nbdcache/sram_block_2__data_sram/genblk1_0__i_ram/macro_mem_1,Macro,97.71,60.6
i_cache_subsystem/i_nbdcache/sram_block_2__data_sram/genblk1_0__i_ram/macro_mem_2,Macro,97.71,60.6
i_cache_subsystem/i_nbdcache/sram_block_2__data_sram/genblk1_0__i_ram/macro_mem_3,Macro,97.71,60.6
i_cache_subsystem/i_nbdcache/sram_block_2__data_sram/genblk1_1__i_ram/macro_mem_0,Macro,97.71,60.6
i_cache_subsystem/i_nbdcache/sram_block_2__data_sram/genblk1_1__i_ram/macro_mem_1,Macro,97.71,60.6
i_cache_subsystem/i_nbdcache/sram_block_2__data_sram/genblk1_1__i_ram/macro_mem_2,Macro,97.71,60.6
i_cache_subsystem/i_nbdcache/sram_block_2__data_sram/genblk1_1__i_ram/macro_mem_3,Macro,97.71,60.6
i_cache_subsystem/i_nbdcache/sram_block_3__data_sram/genblk1_0__i_ram/macro_mem_0,Macro,97.71,60.6
i_cache_subsystem/i_nbdcache/sram_block_3__data_sram/genblk1_0__i_ram/macro_mem_1,Macro,97.71,60.6
i_cache_subsystem/i_nbdcache/sram_block_3__data_sram/genblk1_0__i_ram/macro_mem_2,Macro,97.71,60.6
i_cache_subsystem/i_nbdcache/sram_block_3__data_sram/genblk1_0__i_ram/macro_mem_3,Macro,97.71,60.6
i_cache_subsystem/i_nbdcache/sram_block_3__data_sram/genblk1_1__i_ram/macro_mem_0,Macro,97.71,60.6
i_cache_subsystem/i_nbdcache/sram_block_3__data_sram/genblk1_1__i_ram/macro_mem_1,Macro,97.71,60.6
i_cache_subsystem/i_nbdcache/sram_block_3__data_sram/genblk1_1__i_ram/macro_mem_2,Macro,97.71,60.6
i_cache_subsystem/i_nbdcache/sram_block_3__data_sram/genblk1_1__i_ram/macro_mem_3,Macro,97.71,60.6
i_cache_subsystem/i_nbdcache/sram_block_4__data_sram/genblk1_0__i_ram/macro_mem_0,Macro,97.71,60.6
i_cache_subsystem/i_nbdcache/sram_block_4__data_sram/genblk1_0__i_ram/macro_mem_1,Macro,97.71,60.6
i_cache_subsystem/i_nbdcache/sram_block_4__data_sram/genblk1_0__i_ram/macro_mem_2,Macro,97.71,60.6
i_cache_subsystem/i_nbdcache/sram_block_4__data_sram/genblk1_0__i_ram/macro_mem_3,Macro,97.71,60.6
i_cache_subsystem/i_nbdcache/sram_block_4__data_sram/genblk1_1__i_ram/macro_mem_0,Macro,97.71,60.6
i_cache_subsystem/i_nbdcache/sram_block_4__data_sram/genblk1_1__i_ram/macro_mem_1,Macro,97.71,60.6
i_cache_subsystem/i_nbdcache/sram_block_4__data_sram/genblk1_1__i_ram/macro_mem_2,Macro,97.71,60.6
i_cache_subsystem/i_nbdcache/sram_block_4__data_sram/genblk1_1__i_ram/macro_mem_3,Macro,97.71,60.6
i_cache_subsystem/i_nbdcache/sram_block_5__data_sram/genblk1_0__i_ram/macro_mem_0,Macro,97.71,60.6
i_cache_subsystem/i_nbdcache/sram_block_5__data_sram/genblk1_0__i_ram/macro_mem_1,Macro,97.71,60.6
i_cache_subsystem/i_nbdcache/sram_block_5__data_sram/genblk1_0__i_ram/macro_mem_2,Macro,97.71,60.6
i_cache_subsystem/i_nbdcache/sram_block_5__data_sram/genblk1_0__i_ram/macro_mem_3,Macro,97.71,60.6
i_cache_subsystem/i_nbdcache/sram_block_5__data_sram/genblk1_1__i_ram/macro_mem_0,Macro,97.71,60.6
i_cache_subsystem/i_nbdcache/sram_block_5__data_sram/genblk1_1__i_ram/macro_mem_1,Macro,97.71,60.6
i_cache_subsystem/i_nbdcache/sram_block_5__data_sram/genblk1_1__i_ram/macro_mem_2,Macro,97.71,60.6
i_cache_subsystem/i_nbdcache/sram_block_5__data_sram/genblk1_1__i_ram/macro_mem_3,Macro,97.71,60.6
i_cache_subsystem/i_nbdcache/sram_block_6__data_sram/genblk1_0__i_ram/macro_mem_0,Macro,97.71,60.6
i_cache_subsystem/i_nbdcache/sram_block_6__data_sram/genblk1_0__i_ram/macro_mem_1,Macro,97.71,60.6
i_cache_subsystem/i_nbdcache/sram_block_6__data_sram/genblk1_0__i_ram/macro_mem_2,Macro,97.71,60.6
i_cache_subsystem/i_nbdcache/sram_block_6__data_sram/genblk1_0__i_ram/macro_mem_3,Macro,97.71,60.6
i_cache_subsystem/i_nbdcache/sram_block_6__data_sram/genblk1_1__i_ram/macro_mem_0,Macro,97.71,60.6
i_cache_subsystem/i_nbdcache/sram_block_6__data_sram/genblk1_1__i_ram/macro_mem_1,Macro,97.71,60.6
i_cache_subsystem/i_nbdcache/sram_block_6__data_sram/genblk1_1__i_ram/macro_mem_2,Macro,97.71,60.6
i_cache_subsystem/i_nbdcache/sram_block_6__data_sram/genblk1_1__i_ram/macro_mem_3,Macro,97.71,60.6
i_cache_subsystem/i_nbdcache/sram_block_7__data_sram/genblk1_0__i_ram/macro_mem_0,Macro,97.71,60.6
i_cache_subsystem/i_nbdcache/sram_block_7__data_sram/genblk1_0__i_ram/macro_mem_1,Macro,97.71,60.6
i_cache_subsystem/i_nbdcache/sram_block_7__data_sram/genblk1_0__i_ram/macro_mem_2,Macro,97.71,60.6
i_cache_subsystem/i_nbdcache/sram_block_7__data_sram/genblk1_0__i_ram/macro_mem_3,Macro,97.71,60.6
i_cache_subsystem/i_nbdcache/sram_block_7__data_sram/genblk1_1__i_ram/macro_mem_0,Macro,97.71,60.6
i_cache_subsystem/i_nbdcache/sram_block_7__data_sram/genblk1_1__i_ram/macro_mem_1,Macro,97.71,60.6
i_cache_subsystem/i_nbdcache/sram_block_7__data_sram/genblk1_1__i_ram/macro_mem_2,Macro,97.71,60.6
i_cache_subsystem/i_nbdcache/sram_block_7__data_sram/genblk1_1__i_ram/macro_mem_3,Macro,97.71,60.6
i_cache_subsystem/i_nbdcache/valid_dirty_sram/genblk1_0__i_ram/macro_mem_0,Macro,97.71,60.6
i_cache_subsystem/i_nbdcache/valid_dirty_sram/genblk1_0__i_ram/macro_mem_1,Macro,97.71,60.6
i_cache_subsystem/i_nbdcache/valid_dirty_sram/genblk1_0__i_ram/macro_mem_2,Macro,97.71,60.6
i_cache_subsystem/i_nbdcache/valid_dirty_sram/genblk1_0__i_ram/macro_mem_3,Macro,97.71,60.6
i_cache_subsystem/i_nbdcache/sram_block_0__tag_sram.genblk1_0__i_ram.macro_mem_0,Macro,97.71,60.6
i_cache_subsystem/i_nbdcache/sram_block_0__tag_sram.genblk1_0__i_ram.macro_mem_1||i_cache_subsystem/i_nbdcache/sram_block_2__tag_sram.genblk1_0__i_ram.macro_mem_1||i_cache_subsystem/i_nbdcache/sram_block_4__tag_sram.genblk1_0__i_ram.macro_mem_0||i_cache_subsystem/i_nbdcache/sram_block_4__tag_sram.genblk1_0__i_ram.macro_mem_1||i_cache_subsystem/i_nbdcache/sram_block_5__tag_sram.genblk1_0__i_ram.macro_mem_0||i_cache_subsystem/i_nbdcache/sram_block_5__tag_sram.genblk1_0__i_ram.macro_mem_1||i_cache_subsystem/i_nbdcache/sram_block_7__tag_sram.genblk1_0__i_ram.macro_mem_1,Macro,97.71,424.2
i_cache_subsystem/i_nbdcache/sram_block_0__tag_sram.genblk1_0__i_ram.macro_mem_2,Macro,97.71,60.6
i_cache_subsystem/i_nbdcache/sram_block_1__tag_sram.genblk1_0__i_ram.macro_mem_0,Macro,97.71,60.6
i_cache_subsystem/i_nbdcache/sram_block_1__tag_sram.genblk1_0__i_ram.macro_mem_1,Macro,97.71,60.6
i_cache_subsystem/i_nbdcache/sram_block_1__tag_sram.genblk1_0__i_ram.macro_mem_2,Macro,97.71,60.6
i_cache_subsystem/i_nbdcache/sram_block_2__tag_sram.genblk1_0__i_ram.macro_mem_0,Macro,97.71,60.6
i_cache_subsystem/i_nbdcache/sram_block_2__tag_sram.genblk1_0__i_ram.macro_mem_2,Macro,97.71,60.6
i_cache_subsystem/i_nbdcache/sram_block_3__tag_sram.genblk1_0__i_ram.macro_mem_0,Macro,97.71,60.6
i_cache_subsystem/i_nbdcache/sram_block_3__tag_sram.genblk1_0__i_ram.macro_mem_1,Macro,97.71,60.6
i_cache_subsystem/i_nbdcache/sram_block_3__tag_sram.genblk1_0__i_ram.macro_mem_2,Macro,97.71,60.6
i_cache_subsystem/i_nbdcache/sram_block_4__tag_sram.genblk1_0__i_ram.macro_mem_2,Macro,97.71,60.6
i_cache_subsystem/i_nbdcache/sram_block_5__tag_sram.genblk1_0__i_ram.macro_mem_2,Macro,97.71,60.6
i_cache_subsystem/i_nbdcache/sram_block_6__tag_sram.genblk1_0__i_ram.macro_mem_0,Macro,97.71,60.6
i_cache_subsystem/i_nbdcache/sram_block_6__tag_sram.genblk1_0__i_ram.macro_mem_1,Macro,97.71,60.6
i_cache_subsystem/i_nbdcache/sram_block_6__tag_sram.genblk1_0__i_ram.macro_mem_2,Macro,97.71,60.6
i_cache_subsystem/i_nbdcache/sram_block_7__tag_sram.genblk1_0__i_ram.macro_mem_0,Macro,97.71,60.6
i_cache_subsystem/i_nbdcache/sram_block_7__tag_sram.genblk1_0__i_ram.macro_mem_2,Macro,97.71,60.6
(i_cache_subsystem/i_nbdcache)_glue_logic,StdCell,1144.79,188.13
